<?xml version="1.0" encoding="UTF-8"?>
<Configuration status="WARN">

    <properties>
        <property name="APP_LOG_ROOT">C:\Users\hp\eclipse-workspace\Project4\logs</property>
    </properties>

    <Appenders>
        <Console name="Console" target="SYSTEM_OUT">
            <PatternLayout pattern="%d{yyyy-MM-dd HH:mm:ss} %-5p %c{1}:%L %m%n"/>
        </Console>
        <File name="File" fileName="${APP_LOG_ROOT}/application.log">
            <PatternLayout pattern="%d{yyyy-MM-dd HH:mm:ss} %-5p %c{1}:%L - %m%n"/>
        </File>
    </Appenders>

    <Loggers>
        <Root level="debug">
            <AppenderRef ref="Console"/>
            <AppenderRef ref="File"/>   

        </Root>
    </Loggers>

</Configuration>